track_name,artist,genre_tag,playcount,listeners,duration_ms,tags,tag_count
Pop Track 1,Artist_pop_1,pop,3332179,3559921,221161,"pop, music",4
Pop Track 2,Artist_pop_2,pop,6515772,2791472,231702,"pop, music",5
Pop Track 3,Artist_pop_3,pop,4142929,2348354,105498,"pop, music",2
Pop Track 4,Artist_pop_4,pop,6425554,871625,234137,"pop, music",5
Pop Track 5,Artist_pop_5,pop,5333118,2500515,215698,"pop, music",2
Pop Track 6,Artist_pop_6,pop,4948021,3368210,189382,"pop, music",6
Pop Track 7,Artist_pop_7,pop,4559901,3219995,213805,"pop, music",3
Pop Track 8,Artist_pop_8,pop,5996981,2663623,198332,"pop, music",5
Pop Track 9,Artist_pop_9,pop,6168788,2175813,255209,"pop, music",4
Pop Track 10,Artist_pop_10,pop,5559678,3025429,225573,"pop, music",5
Pop Track 11,Artist_pop_11,pop,5313295,1338942,156872,"pop, music",3
Pop Track 12,Artist_pop_12,pop,5295291,3462192,245270,"pop, music",7
Pop Track 13,Artist_pop_13,pop,3486371,1705805,240948,"pop, music",3
Pop Track 14,Artist_pop_14,pop,4192787,3343059,226764,"pop, music",6
Pop Track 15,Artist_pop_15,pop,5486125,2873731,182923,"pop, music",4
Pop Track 16,Artist_pop_16,pop,5917514,3869302,173731,"pop, music",4
Pop Track 17,Artist_pop_17,pop,3741173,2947683,223250,"pop, music",3
Pop Track 18,Artist_pop_18,pop,6463317,3009544,179213,"pop, music",7
Pop Track 19,Artist_pop_19,pop,6769574,2373575,243391,"pop, music",2
Pop Track 20,Artist_pop_20,pop,5444842,3567664,206755,"pop, music",4
Pop Track 21,Artist_pop_21,pop,5542093,4748241,208566,"pop, music",2
Pop Track 22,Artist_pop_22,pop,7346965,2649746,223315,"pop, music",5
Pop Track 23,Artist_pop_23,pop,2871874,4265221,246141,"pop, music",6
Pop Track 24,Artist_pop_24,pop,5028500,1866340,217613,"pop, music",6
Pop Track 25,Artist_pop_25,pop,4681757,2833000,230057,"pop, music",7
Pop Track 26,Artist_pop_26,pop,6737279,1804125,200846,"pop, music",5
Pop Track 27,Artist_pop_27,pop,5145616,4193241,181917,"pop, music",2
Pop Track 28,Artist_pop_28,pop,4508506,1933797,169237,"pop, music",7
Pop Track 29,Artist_pop_29,pop,1017235,3585864,194179,"pop, music",5
Pop Track 30,Artist_pop_30,pop,4566294,2599854,189448,"pop, music",2
Pop Track 31,Artist_pop_31,pop,4005892,3106309,176159,"pop, music",3
Pop Track 32,Artist_pop_32,pop,3766265,2509920,228296,"pop, music",2
Pop Track 33,Artist_pop_33,pop,4337350,3167042,259480,"pop, music",7
Pop Track 34,Artist_pop_34,pop,2860281,3215245,163252,"pop, music",7
Pop Track 35,Artist_pop_35,pop,6150945,2128349,178986,"pop, music",7
Pop Track 36,Artist_pop_36,pop,6159711,4616417,153925,"pop, music",7
Pop Track 37,Artist_pop_37,pop,6827075,2869466,192287,"pop, music",4
Pop Track 38,Artist_pop_38,pop,5567339,4912549,244943,"pop, music",4
Pop Track 39,Artist_pop_39,pop,6331267,3839259,181188,"pop, music",2
Pop Track 40,Artist_pop_40,pop,4595099,2352895,271997,"pop, music",3
Pop Track 41,Artist_pop_41,pop,5722968,4152119,176496,"pop, music",7
Pop Track 42,Artist_pop_42,pop,6015779,2247345,239649,"pop, music",3
Pop Track 43,Artist_pop_43,pop,5019550,3617301,212512,"pop, music",4
Pop Track 44,Artist_pop_44,pop,5752394,2662883,176135,"pop, music",4
Pop Track 45,Artist_pop_45,pop,5782912,3538558,220019,"pop, music",5
Pop Track 46,Artist_pop_46,pop,5519672,3469648,243896,"pop, music",4
Pop Track 47,Artist_pop_47,pop,5850341,3088737,204280,"pop, music",4
Pop Track 48,Artist_pop_48,pop,2098144,2087888,236262,"pop, music",2
Pop Track 49,Artist_pop_49,pop,4992714,2875445,191498,"pop, music",4
Pop Track 50,Artist_pop_50,pop,3331253,4050362,285871,"pop, music",5
Pop Track 51,Artist_pop_51,pop,8410017,3392339,231584,"pop, music",7
Pop Track 52,Artist_pop_52,pop,2752556,4105544,200416,"pop, music",4
Pop Track 53,Artist_pop_53,pop,2095435,2423140,264577,"pop, music",2
Pop Track 54,Artist_pop_54,pop,6758043,3858933,175713,"pop, music",4
Pop Track 55,Artist_pop_55,pop,7219773,3635825,138669,"pop, music",7
Pop Track 56,Artist_pop_56,pop,4635298,3128085,239613,"pop, music",6
Pop Track 57,Artist_pop_57,pop,5504598,3298430,201301,"pop, music",2
Pop Track 58,Artist_pop_58,pop,4287113,2346440,189481,"pop, music",2
Pop Track 59,Artist_pop_59,pop,6644494,2922147,235404,"pop, music",3
Pop Track 60,Artist_pop_60,pop,3379698,2415456,168917,"pop, music",3
Pop Track 61,Artist_pop_61,pop,6308670,4288329,171639,"pop, music",6
Pop Track 62,Artist_pop_62,pop,7073006,2598994,142327,"pop, music",3
Pop Track 63,Artist_pop_63,pop,5772571,7004430,232835,"pop, music",7
Pop Track 64,Artist_pop_64,pop,6703348,3475504,217047,"pop, music",5
Pop Track 65,Artist_pop_65,pop,2659164,5198867,161994,"pop, music",3
Pop Track 66,Artist_pop_66,pop,6802070,1505789,224292,"pop, music",3
Pop Track 67,Artist_pop_67,pop,4380857,3829668,130338,"pop, music",6
Pop Track 68,Artist_pop_68,pop,5639038,4428884,203950,"pop, music",5
Pop Track 69,Artist_pop_69,pop,7495654,2528528,205712,"pop, music",4
Pop Track 70,Artist_pop_70,pop,4270674,2476591,205410,"pop, music",6
Pop Track 71,Artist_pop_71,pop,7671936,2588786,148046,"pop, music",7
Pop Track 72,Artist_pop_72,pop,4485306,4170566,260656,"pop, music",6
Pop Track 73,Artist_pop_73,pop,5406592,5437147,178495,"pop, music",6
Pop Track 74,Artist_pop_74,pop,7885436,1768113,190630,"pop, music",4
Pop Track 75,Artist_pop_75,pop,4643912,5073769,209222,"pop, music",5
Pop Track 76,Artist_pop_76,pop,3601112,3002895,160088,"pop, music",3
Pop Track 77,Artist_pop_77,pop,7314601,4538897,204863,"pop, music",3
Pop Track 78,Artist_pop_78,pop,4301502,3250848,240237,"pop, music",6
Pop Track 79,Artist_pop_79,pop,6458949,4754517,223762,"pop, music",5
Pop Track 80,Artist_pop_80,pop,6389348,1399661,261221,"pop, music",5
Rock Track 1,Artist_rock_1,rock,3433095,1885982,295480,"rock, music",3
Rock Track 2,Artist_rock_2,rock,3402201,1322214,215276,"rock, music",5
Rock Track 3,Artist_rock_3,rock,3252892,1345179,241675,"rock, music",3
Rock Track 4,Artist_rock_4,rock,2556299,1095931,301276,"rock, music",4
Rock Track 5,Artist_rock_5,rock,2439986,1477785,288080,"rock, music",6
Rock Track 6,Artist_rock_6,rock,4307295,1609497,229764,"rock, music",6
Rock Track 7,Artist_rock_7,rock,2253904,1376204,279891,"rock, music",2
Rock Track 8,Artist_rock_8,rock,3549333,1348878,265311,"rock, music",2
Rock Track 9,Artist_rock_9,rock,2397717,2230823,312114,"rock, music",2
Rock Track 10,Artist_rock_10,rock,2604433,1343115,196319,"rock, music",2
Rock Track 11,Artist_rock_11,rock,4174930,1664623,277278,"rock, music",2
Rock Track 12,Artist_rock_12,rock,2720759,1450093,289360,"rock, music",5
Rock Track 13,Artist_rock_13,rock,4721085,2182830,178318,"rock, music",2
Rock Track 14,Artist_rock_14,rock,2597903,939261,260772,"rock, music",6
Rock Track 15,Artist_rock_15,rock,3561707,1966023,249510,"rock, music",7
Rock Track 16,Artist_rock_16,rock,2192471,617007,320817,"rock, music",6
Rock Track 17,Artist_rock_17,rock,2257052,1494709,266517,"rock, music",5
Rock Track 18,Artist_rock_18,rock,2492647,1681778,252409,"rock, music",7
Rock Track 19,Artist_rock_19,rock,2610026,1755349,272364,"rock, music",6
Rock Track 20,Artist_rock_20,rock,3785287,869288,253160,"rock, music",6
Rock Track 21,Artist_rock_21,rock,4038918,1417294,223430,"rock, music",4
Rock Track 22,Artist_rock_22,rock,4224100,1808491,309014,"rock, music",4
Rock Track 23,Artist_rock_23,rock,2287452,1072595,186541,"rock, music",3
Rock Track 24,Artist_rock_24,rock,2620040,1315580,248072,"rock, music",5
Rock Track 25,Artist_rock_25,rock,3582802,1920209,283606,"rock, music",5
Rock Track 26,Artist_rock_26,rock,4020007,1600227,266068,"rock, music",2
Rock Track 27,Artist_rock_27,rock,3051671,1235303,304352,"rock, music",6
Rock Track 28,Artist_rock_28,rock,2742288,1688766,289340,"rock, music",4
Rock Track 29,Artist_rock_29,rock,2848736,1795721,231123,"rock, music",2
Rock Track 30,Artist_rock_30,rock,3195485,1305918,211315,"rock, music",2
Rock Track 31,Artist_rock_31,rock,4080370,2555452,245562,"rock, music",5
Rock Track 32,Artist_rock_32,rock,3878678,1164277,230353,"rock, music",5
Rock Track 33,Artist_rock_33,rock,1088493,1393289,219634,"rock, music",2
Rock Track 34,Artist_rock_34,rock,3135354,1493723,183595,"rock, music",2
Rock Track 35,Artist_rock_35,rock,2419210,859881,189417,"rock, music",6
Rock Track 36,Artist_rock_36,rock,3611693,999021,323258,"rock, music",7
Rock Track 37,Artist_rock_37,rock,2933749,1514145,261819,"rock, music",2
Rock Track 38,Artist_rock_38,rock,2012388,1597358,299512,"rock, music",4
Rock Track 39,Artist_rock_39,rock,3196814,1413824,315554,"rock, music",4
Rock Track 40,Artist_rock_40,rock,3202711,2406646,262498,"rock, music",6
Rock Track 41,Artist_rock_41,rock,2420152,2327114,220415,"rock, music",2
Rock Track 42,Artist_rock_42,rock,2415677,1713898,270577,"rock, music",7
Rock Track 43,Artist_rock_43,rock,3302353,1899556,249934,"rock, music",7
Rock Track 44,Artist_rock_44,rock,2616570,1711201,312050,"rock, music",5
Rock Track 45,Artist_rock_45,rock,2493067,2914332,305871,"rock, music",7
Rock Track 46,Artist_rock_46,rock,2649080,1175347,277442,"rock, music",7
Rock Track 47,Artist_rock_47,rock,3182802,1678801,314423,"rock, music",4
Rock Track 48,Artist_rock_48,rock,4146594,1778858,231848,"rock, music",2
Rock Track 49,Artist_rock_49,rock,4352121,1690970,315144,"rock, music",4
Rock Track 50,Artist_rock_50,rock,1757908,2134892,275829,"rock, music",3
Rock Track 51,Artist_rock_51,rock,2986753,2049424,238744,"rock, music",3
Rock Track 52,Artist_rock_52,rock,1501776,898316,298236,"rock, music",7
Rock Track 53,Artist_rock_53,rock,1825977,1986532,264663,"rock, music",5
Rock Track 54,Artist_rock_54,rock,2154108,2025089,238372,"rock, music",4
Rock Track 55,Artist_rock_55,rock,3421001,1661676,195373,"rock, music",6
Rock Track 56,Artist_rock_56,rock,3453696,1391054,218285,"rock, music",6
Rock Track 57,Artist_rock_57,rock,3045758,1411707,164165,"rock, music",7
Rock Track 58,Artist_rock_58,rock,3461647,1682722,158687,"rock, music",6
Rock Track 59,Artist_rock_59,rock,2437285,1518418,328570,"rock, music",7
Rock Track 60,Artist_rock_60,rock,2822500,1466089,207616,"rock, music",2
Rock Track 61,Artist_rock_61,rock,3766218,1346338,220543,"rock, music",7
Rock Track 62,Artist_rock_62,rock,3521553,2035689,218786,"rock, music",7
Rock Track 63,Artist_rock_63,rock,4480470,1530613,273062,"rock, music",7
Rock Track 64,Artist_rock_64,rock,3280125,1476435,286074,"rock, music",4
Rock Track 65,Artist_rock_65,rock,2270544,1205312,242523,"rock, music",2
Rock Track 66,Artist_rock_66,rock,2956988,879783,258267,"rock, music",6
Rock Track 67,Artist_rock_67,rock,4518427,2091723,249681,"rock, music",5
Rock Track 68,Artist_rock_68,rock,4331949,2832485,290581,"rock, music",2
Rock Track 69,Artist_rock_69,rock,1193188,2183936,278458,"rock, music",3
Rock Track 70,Artist_rock_70,rock,2739559,1648628,184480,"rock, music",7
Rock Track 71,Artist_rock_71,rock,1741289,1933579,223974,"rock, music",4
Rock Track 72,Artist_rock_72,rock,2561587,1740532,286314,"rock, music",4
Rock Track 73,Artist_rock_73,rock,3213591,1789965,221039,"rock, music",4
Rock Track 74,Artist_rock_74,rock,2520677,1935252,283272,"rock, music",4
Rock Track 75,Artist_rock_75,rock,1497535,1923848,223495,"rock, music",7
Rock Track 76,Artist_rock_76,rock,3513538,1202756,275544,"rock, music",5
Rock Track 77,Artist_rock_77,rock,2587242,1501989,189028,"rock, music",6
Rock Track 78,Artist_rock_78,rock,3717962,2033468,250431,"rock, music",6
Rock Track 79,Artist_rock_79,rock,2413347,1677722,215583,"rock, music",3
Rock Track 80,Artist_rock_80,rock,2653900,1355467,280410,"rock, music",6
Jazz Track 1,Artist_jazz_1,jazz,978497,347178,371536,"jazz, music",2
Jazz Track 2,Artist_jazz_2,jazz,1139354,568958,345752,"jazz, music",3
Jazz Track 3,Artist_jazz_3,jazz,1111343,410290,323463,"jazz, music",7
Jazz Track 4,Artist_jazz_4,jazz,953296,581044,347854,"jazz, music",5
Jazz Track 5,Artist_jazz_5,jazz,904456,453122,341739,"jazz, music",3
Jazz Track 6,Artist_jazz_6,jazz,1310476,459888,344324,"jazz, music",3
Jazz Track 7,Artist_jazz_7,jazz,1360364,439740,238475,"jazz, music",4
Jazz Track 8,Artist_jazz_8,jazz,697574,607503,408338,"jazz, music",2
Jazz Track 9,Artist_jazz_9,jazz,1098078,468148,353176,"jazz, music",4
Jazz Track 10,Artist_jazz_10,jazz,336659,156980,377299,"jazz, music",4
Jazz Track 11,Artist_jazz_11,jazz,556424,673019,333539,"jazz, music",6
Jazz Track 12,Artist_jazz_12,jazz,875413,757513,318706,"jazz, music",4
Jazz Track 13,Artist_jazz_13,jazz,853781,561788,276344,"jazz, music",2
Jazz Track 14,Artist_jazz_14,jazz,754899,511842,300893,"jazz, music",3
Jazz Track 15,Artist_jazz_15,jazz,1492628,495249,323481,"jazz, music",5
Jazz Track 16,Artist_jazz_16,jazz,715797,840398,282654,"jazz, music",6
Jazz Track 17,Artist_jazz_17,jazz,694414,948482,376570,"jazz, music",4
Jazz Track 18,Artist_jazz_18,jazz,857923,709420,360344,"jazz, music",5
Jazz Track 19,Artist_jazz_19,jazz,1215429,736733,272888,"jazz, music",3
Jazz Track 20,Artist_jazz_20,jazz,795921,528222,425742,"jazz, music",2
Jazz Track 21,Artist_jazz_21,jazz,1260354,360302,284978,"jazz, music",5
Jazz Track 22,Artist_jazz_22,jazz,1061383,682221,346897,"jazz, music",3
Jazz Track 23,Artist_jazz_23,jazz,811774,426614,336753,"jazz, music",2
Jazz Track 24,Artist_jazz_24,jazz,883213,509461,363767,"jazz, music",6
Jazz Track 25,Artist_jazz_25,jazz,1419149,397299,344648,"jazz, music",3
Jazz Track 26,Artist_jazz_26,jazz,810876,348939,253805,"jazz, music",2
Jazz Track 27,Artist_jazz_27,jazz,533275,82483,326454,"jazz, music",4
Jazz Track 28,Artist_jazz_28,jazz,1232641,331905,314038,"jazz, music",2
Jazz Track 29,Artist_jazz_29,jazz,190934,492922,310762,"jazz, music",4
Jazz Track 30,Artist_jazz_30,jazz,1208861,348174,340666,"jazz, music",5
Jazz Track 31,Artist_jazz_31,jazz,1682995,256158,324394,"jazz, music",2
Jazz Track 32,Artist_jazz_32,jazz,1338894,341700,275282,"jazz, music",7
Jazz Track 33,Artist_jazz_33,jazz,765236,602445,315406,"jazz, music",6
Jazz Track 34,Artist_jazz_34,jazz,1046510,285561,378615,"jazz, music",4
Jazz Track 35,Artist_jazz_35,jazz,1416574,101316,236864,"jazz, music",7
Jazz Track 36,Artist_jazz_36,jazz,627807,447488,329531,"jazz, music",6
Jazz Track 37,Artist_jazz_37,jazz,1032919,473434,340551,"jazz, music",3
Jazz Track 38,Artist_jazz_38,jazz,911690,446682,317216,"jazz, music",5
Jazz Track 39,Artist_jazz_39,jazz,1366661,174228,289179,"jazz, music",6
Jazz Track 40,Artist_jazz_40,jazz,812791,244253,360413,"jazz, music",6
Jazz Track 41,Artist_jazz_41,jazz,1150143,342752,305972,"jazz, music",7
Jazz Track 42,Artist_jazz_42,jazz,931235,688961,336812,"jazz, music",5
Jazz Track 43,Artist_jazz_43,jazz,492020,365711,329237,"jazz, music",2
Jazz Track 44,Artist_jazz_44,jazz,785207,550110,269955,"jazz, music",5
Jazz Track 45,Artist_jazz_45,jazz,1158215,540460,260053,"jazz, music",3
Jazz Track 46,Artist_jazz_46,jazz,1341747,451577,316126,"jazz, music",5
Jazz Track 47,Artist_jazz_47,jazz,615871,764874,236722,"jazz, music",5
Jazz Track 48,Artist_jazz_48,jazz,1508936,447714,330298,"jazz, music",7
Jazz Track 49,Artist_jazz_49,jazz,1291546,496430,306571,"jazz, music",4
Jazz Track 50,Artist_jazz_50,jazz,1403813,756852,323507,"jazz, music",3
Jazz Track 51,Artist_jazz_51,jazz,595544,612815,326834,"jazz, music",5
Jazz Track 52,Artist_jazz_52,jazz,944804,666896,366057,"jazz, music",7
Jazz Track 53,Artist_jazz_53,jazz,511122,584043,400222,"jazz, music",3
Jazz Track 54,Artist_jazz_54,jazz,1215277,416696,332568,"jazz, music",7
Jazz Track 55,Artist_jazz_55,jazz,1076808,648807,386618,"jazz, music",3
Jazz Track 56,Artist_jazz_56,jazz,1304311,477317,352263,"jazz, music",5
Jazz Track 57,Artist_jazz_57,jazz,874388,719796,334863,"jazz, music",2
Jazz Track 58,Artist_jazz_58,jazz,964480,529160,289784,"jazz, music",3
Jazz Track 59,Artist_jazz_59,jazz,1247324,482351,349921,"jazz, music",7
Jazz Track 60,Artist_jazz_60,jazz,1450291,813958,307817,"jazz, music",7
Jazz Track 61,Artist_jazz_61,jazz,985057,332853,331910,"jazz, music",4
Jazz Track 62,Artist_jazz_62,jazz,484137,414551,324880,"jazz, music",7
Jazz Track 63,Artist_jazz_63,jazz,855963,846602,269279,"jazz, music",2
Jazz Track 64,Artist_jazz_64,jazz,601256,797980,318109,"jazz, music",3
Jazz Track 65,Artist_jazz_65,jazz,760914,489694,307688,"jazz, music",4
Jazz Track 66,Artist_jazz_66,jazz,802330,489895,344826,"jazz, music",5
Jazz Track 67,Artist_jazz_67,jazz,1319370,519064,352667,"jazz, music",6
Jazz Track 68,Artist_jazz_68,jazz,1185598,626443,338367,"jazz, music",2
Jazz Track 69,Artist_jazz_69,jazz,1080115,611491,308667,"jazz, music",3
Jazz Track 70,Artist_jazz_70,jazz,1036616,624123,325353,"jazz, music",7
Jazz Track 71,Artist_jazz_71,jazz,1107257,412802,312288,"jazz, music",4
Jazz Track 72,Artist_jazz_72,jazz,953788,495138,347260,"jazz, music",7
Jazz Track 73,Artist_jazz_73,jazz,979937,401324,407642,"jazz, music",7
Jazz Track 74,Artist_jazz_74,jazz,1102020,289853,340041,"jazz, music",5
Jazz Track 75,Artist_jazz_75,jazz,1305666,493550,218826,"jazz, music",5
Jazz Track 76,Artist_jazz_76,jazz,1389453,701597,332712,"jazz, music",5
Jazz Track 77,Artist_jazz_77,jazz,804824,657955,354710,"jazz, music",3
Jazz Track 78,Artist_jazz_78,jazz,1084909,468297,359834,"jazz, music",4
Jazz Track 79,Artist_jazz_79,jazz,1024685,661253,299308,"jazz, music",6
Jazz Track 80,Artist_jazz_80,jazz,1422804,891585,293985,"jazz, music",5
Electronic Track 1,Artist_electronic_1,electronic,2165873,3208178,343182,"electronic, music",7
Electronic Track 2,Artist_electronic_2,electronic,2107854,2228142,274613,"electronic, music",7
Electronic Track 3,Artist_electronic_3,electronic,2840922,2732756,216347,"electronic, music",6
Electronic Track 4,Artist_electronic_4,electronic,2977473,2210836,289368,"electronic, music",2
Electronic Track 5,Artist_electronic_5,electronic,1784905,2049688,302523,"electronic, music",7
Electronic Track 6,Artist_electronic_6,electronic,1350604,2791404,288304,"electronic, music",3
Electronic Track 7,Artist_electronic_7,electronic,3375327,3320591,217201,"electronic, music",3
Electronic Track 8,Artist_electronic_8,electronic,2555472,1955358,275838,"electronic, music",3
Electronic Track 9,Artist_electronic_9,electronic,2021959,3030992,336820,"electronic, music",7
Electronic Track 10,Artist_electronic_10,electronic,2071940,3732488,253362,"electronic, music",6
Electronic Track 11,Artist_electronic_11,electronic,4268032,2862646,246395,"electronic, music",2
Electronic Track 12,Artist_electronic_12,electronic,2623523,1232881,251357,"electronic, music",6
Electronic Track 13,Artist_electronic_13,electronic,2714399,2458244,306341,"electronic, music",4
Electronic Track 14,Artist_electronic_14,electronic,4007653,1586902,245863,"electronic, music",7
Electronic Track 15,Artist_electronic_15,electronic,3163075,1596911,246363,"electronic, music",5
Electronic Track 16,Artist_electronic_16,electronic,2493791,2263085,321218,"electronic, music",4
Electronic Track 17,Artist_electronic_17,electronic,2132920,2933906,307275,"electronic, music",6
Electronic Track 18,Artist_electronic_18,electronic,3885030,2339551,349252,"electronic, music",5
Electronic Track 19,Artist_electronic_19,electronic,3115361,2574071,322666,"electronic, music",4
Electronic Track 20,Artist_electronic_20,electronic,3376971,1798979,299222,"electronic, music",4
Electronic Track 21,Artist_electronic_21,electronic,2468783,2606766,258324,"electronic, music",3
Electronic Track 22,Artist_electronic_22,electronic,2979168,2514406,296016,"electronic, music",6
Electronic Track 23,Artist_electronic_23,electronic,1913428,1821882,270069,"electronic, music",2
Electronic Track 24,Artist_electronic_24,electronic,2053832,1322673,309850,"electronic, music",5
Electronic Track 25,Artist_electronic_25,electronic,2206796,1784743,278143,"electronic, music",3
Electronic Track 26,Artist_electronic_26,electronic,2252563,3044373,222340,"electronic, music",7
Electronic Track 27,Artist_electronic_27,electronic,3077818,2687671,300745,"electronic, music",5
Electronic Track 28,Artist_electronic_28,electronic,2031469,2953658,238939,"electronic, music",7
Electronic Track 29,Artist_electronic_29,electronic,2324506,3471859,256538,"electronic, music",4
Electronic Track 30,Artist_electronic_30,electronic,3933103,2480124,258967,"electronic, music",6
Electronic Track 31,Artist_electronic_31,electronic,3674143,2190015,257792,"electronic, music",7
Electronic Track 32,Artist_electronic_32,electronic,3910867,2688696,278078,"electronic, music",4
Electronic Track 33,Artist_electronic_33,electronic,1577597,2114957,305945,"electronic, music",5
Electronic Track 34,Artist_electronic_34,electronic,3240481,2544882,303112,"electronic, music",5
Electronic Track 35,Artist_electronic_35,electronic,1539771,2818826,306008,"electronic, music",6
Electronic Track 36,Artist_electronic_36,electronic,2425618,1411543,346405,"electronic, music",2
Electronic Track 37,Artist_electronic_37,electronic,1114920,1854287,326539,"electronic, music",3
Electronic Track 38,Artist_electronic_38,electronic,1803000,1395270,337750,"electronic, music",5
Electronic Track 39,Artist_electronic_39,electronic,2879126,2214697,290786,"electronic, music",6
Electronic Track 40,Artist_electronic_40,electronic,2327457,2127748,232534,"electronic, music",3
Electronic Track 41,Artist_electronic_41,electronic,2982042,3124914,287860,"electronic, music",7
Electronic Track 42,Artist_electronic_42,electronic,3031752,3331987,340041,"electronic, music",5
Electronic Track 43,Artist_electronic_43,electronic,1481296,2022226,250366,"electronic, music",7
Electronic Track 44,Artist_electronic_44,electronic,2489283,2831078,211288,"electronic, music",4
Electronic Track 45,Artist_electronic_45,electronic,3972116,1976006,293139,"electronic, music",7
Electronic Track 46,Artist_electronic_46,electronic,2445787,2920073,236254,"electronic, music",2
Electronic Track 47,Artist_electronic_47,electronic,3204886,2801102,267065,"electronic, music",7
Electronic Track 48,Artist_electronic_48,electronic,2535702,3241698,315094,"electronic, music",3
Electronic Track 49,Artist_electronic_49,electronic,2546877,1710990,261155,"electronic, music",3
Electronic Track 50,Artist_electronic_50,electronic,3306343,2850223,302100,"electronic, music",3
Electronic Track 51,Artist_electronic_51,electronic,3549516,2853796,282385,"electronic, music",3
Electronic Track 52,Artist_electronic_52,electronic,2014797,3082050,302374,"electronic, music",4
Electronic Track 53,Artist_electronic_53,electronic,4086816,2096516,366235,"electronic, music",7
Electronic Track 54,Artist_electronic_54,electronic,3379179,3624975,252432,"electronic, music",2
Electronic Track 55,Artist_electronic_55,electronic,2333565,1420082,306011,"electronic, music",5
Electronic Track 56,Artist_electronic_56,electronic,3675514,1542695,258828,"electronic, music",6
Electronic Track 57,Artist_electronic_57,electronic,2481734,3669886,349101,"electronic, music",7
Electronic Track 58,Artist_electronic_58,electronic,2827242,2573211,200103,"electronic, music",4
Electronic Track 59,Artist_electronic_59,electronic,1654129,2612276,259909,"electronic, music",2
Electronic Track 60,Artist_electronic_60,electronic,2658696,2008470,294070,"electronic, music",6
Electronic Track 61,Artist_electronic_61,electronic,3199659,2819296,205426,"electronic, music",5
Electronic Track 62,Artist_electronic_62,electronic,1823799,2253249,343209,"electronic, music",3
Electronic Track 63,Artist_electronic_63,electronic,2668338,2935874,347357,"electronic, music",5
Electronic Track 64,Artist_electronic_64,electronic,2155836,1139637,257089,"electronic, music",4
Electronic Track 65,Artist_electronic_65,electronic,1833841,1320540,253100,"electronic, music",6
Electronic Track 66,Artist_electronic_66,electronic,786385,1814815,295832,"electronic, music",5
Electronic Track 67,Artist_electronic_67,electronic,2742850,2038719,213980,"electronic, music",5
Electronic Track 68,Artist_electronic_68,electronic,2462182,3313191,214168,"electronic, music",2
Electronic Track 69,Artist_electronic_69,electronic,1985696,2418747,226996,"electronic, music",5
Electronic Track 70,Artist_electronic_70,electronic,3304789,2775151,230169,"electronic, music",2
Electronic Track 71,Artist_electronic_71,electronic,2149224,2466319,278123,"electronic, music",4
Electronic Track 72,Artist_electronic_72,electronic,2857780,2133268,319821,"electronic, music",3
Electronic Track 73,Artist_electronic_73,electronic,3963275,1838665,273461,"electronic, music",4
Electronic Track 74,Artist_electronic_74,electronic,1641116,1365135,219496,"electronic, music",4
Electronic Track 75,Artist_electronic_75,electronic,3135309,3053434,328580,"electronic, music",5
Electronic Track 76,Artist_electronic_76,electronic,2432858,2967834,273551,"electronic, music",7
Electronic Track 77,Artist_electronic_77,electronic,2305718,2102484,277135,"electronic, music",6
Electronic Track 78,Artist_electronic_78,electronic,2472083,2146340,238601,"electronic, music",6
Electronic Track 79,Artist_electronic_79,electronic,3786817,2751418,260762,"electronic, music",4
Electronic Track 80,Artist_electronic_80,electronic,658656,2848229,293859,"electronic, music",4
Hip-Hop Track 1,Artist_hip-hop_1,hip-hop,2954639,3118842,162461,"hip-hop, music",3
Hip-Hop Track 2,Artist_hip-hop_2,hip-hop,4773121,3282937,167597,"hip-hop, music",6
Hip-Hop Track 3,Artist_hip-hop_3,hip-hop,5287704,2645305,221888,"hip-hop, music",3
Hip-Hop Track 4,Artist_hip-hop_4,hip-hop,2899408,2696316,198928,"hip-hop, music",3
Hip-Hop Track 5,Artist_hip-hop_5,hip-hop,5155558,3038909,182043,"hip-hop, music",2
Hip-Hop Track 6,Artist_hip-hop_6,hip-hop,4080998,3704877,247481,"hip-hop, music",4
Hip-Hop Track 7,Artist_hip-hop_7,hip-hop,5007021,4297348,160398,"hip-hop, music",7
Hip-Hop Track 8,Artist_hip-hop_8,hip-hop,3471991,3451933,184067,"hip-hop, music",2
Hip-Hop Track 9,Artist_hip-hop_9,hip-hop,4385628,3134309,264548,"hip-hop, music",5
Hip-Hop Track 10,Artist_hip-hop_10,hip-hop,4544241,3803085,227769,"hip-hop, music",5
Hip-Hop Track 11,Artist_hip-hop_11,hip-hop,5256304,3257861,228858,"hip-hop, music",4
Hip-Hop Track 12,Artist_hip-hop_12,hip-hop,4762476,2515437,237927,"hip-hop, music",7
Hip-Hop Track 13,Artist_hip-hop_13,hip-hop,3792313,2795157,156148,"hip-hop, music",6
Hip-Hop Track 14,Artist_hip-hop_14,hip-hop,2271938,3512331,113720,"hip-hop, music",2
Hip-Hop Track 15,Artist_hip-hop_15,hip-hop,3233245,1677842,265680,"hip-hop, music",3
Hip-Hop Track 16,Artist_hip-hop_16,hip-hop,5211780,2784476,264817,"hip-hop, music",6
Hip-Hop Track 17,Artist_hip-hop_17,hip-hop,4070970,3722064,181830,"hip-hop, music",3
Hip-Hop Track 18,Artist_hip-hop_18,hip-hop,3976077,1421118,206838,"hip-hop, music",5
Hip-Hop Track 19,Artist_hip-hop_19,hip-hop,5661127,3252819,223790,"hip-hop, music",4
Hip-Hop Track 20,Artist_hip-hop_20,hip-hop,5024098,3882856,203474,"hip-hop, music",4
Hip-Hop Track 21,Artist_hip-hop_21,hip-hop,3696777,3109406,192444,"hip-hop, music",3
Hip-Hop Track 22,Artist_hip-hop_22,hip-hop,4663687,3108002,155598,"hip-hop, music",6
Hip-Hop Track 23,Artist_hip-hop_23,hip-hop,2813690,1861047,207195,"hip-hop, music",3
Hip-Hop Track 24,Artist_hip-hop_24,hip-hop,5670402,4046241,230923,"hip-hop, music",2
Hip-Hop Track 25,Artist_hip-hop_25,hip-hop,2729632,2834875,213172,"hip-hop, music",2
Hip-Hop Track 26,Artist_hip-hop_26,hip-hop,4473790,1452568,217618,"hip-hop, music",5
Hip-Hop Track 27,Artist_hip-hop_27,hip-hop,3012854,2656672,181534,"hip-hop, music",6
Hip-Hop Track 28,Artist_hip-hop_28,hip-hop,5382799,3176075,205568,"hip-hop, music",7
Hip-Hop Track 29,Artist_hip-hop_29,hip-hop,4058632,2816034,171920,"hip-hop, music",3
Hip-Hop Track 30,Artist_hip-hop_30,hip-hop,3204518,2395755,156743,"hip-hop, music",3
Hip-Hop Track 31,Artist_hip-hop_31,hip-hop,3669612,3409287,229886,"hip-hop, music",3
Hip-Hop Track 32,Artist_hip-hop_32,hip-hop,3159001,3360313,218301,"hip-hop, music",3
Hip-Hop Track 33,Artist_hip-hop_33,hip-hop,4704013,3350553,190207,"hip-hop, music",6
Hip-Hop Track 34,Artist_hip-hop_34,hip-hop,2646994,3219811,170603,"hip-hop, music",3
Hip-Hop Track 35,Artist_hip-hop_35,hip-hop,6961662,1202849,178100,"hip-hop, music",4
Hip-Hop Track 36,Artist_hip-hop_36,hip-hop,2874664,3586652,288420,"hip-hop, music",3
Hip-Hop Track 37,Artist_hip-hop_37,hip-hop,4881093,1653575,226679,"hip-hop, music",3
Hip-Hop Track 38,Artist_hip-hop_38,hip-hop,2140562,1583920,123475,"hip-hop, music",2
Hip-Hop Track 39,Artist_hip-hop_39,hip-hop,4682779,4141289,184834,"hip-hop, music",6
Hip-Hop Track 40,Artist_hip-hop_40,hip-hop,3755703,1863393,171548,"hip-hop, music",2
Hip-Hop Track 41,Artist_hip-hop_41,hip-hop,2773077,4518173,219735,"hip-hop, music",5
Hip-Hop Track 42,Artist_hip-hop_42,hip-hop,5158489,2977283,137764,"hip-hop, music",7
Hip-Hop Track 43,Artist_hip-hop_43,hip-hop,6027564,3508777,190139,"hip-hop, music",7
Hip-Hop Track 44,Artist_hip-hop_44,hip-hop,2154357,3362231,277861,"hip-hop, music",3
Hip-Hop Track 45,Artist_hip-hop_45,hip-hop,1658657,2257221,167001,"hip-hop, music",6
Hip-Hop Track 46,Artist_hip-hop_46,hip-hop,4193727,3231825,163173,"hip-hop, music",2
Hip-Hop Track 47,Artist_hip-hop_47,hip-hop,3607796,1789124,249965,"hip-hop, music",5
Hip-Hop Track 48,Artist_hip-hop_48,hip-hop,3639887,3878887,151418,"hip-hop, music",5
Hip-Hop Track 49,Artist_hip-hop_49,hip-hop,1197312,2365417,169868,"hip-hop, music",7
Hip-Hop Track 50,Artist_hip-hop_50,hip-hop,4947178,4717974,215732,"hip-hop, music",3
Hip-Hop Track 51,Artist_hip-hop_51,hip-hop,4510214,3062310,206217,"hip-hop, music",5
Hip-Hop Track 52,Artist_hip-hop_52,hip-hop,6958880,1888586,164410,"hip-hop, music",3
Hip-Hop Track 53,Artist_hip-hop_53,hip-hop,2156257,1788384,202401,"hip-hop, music",4
Hip-Hop Track 54,Artist_hip-hop_54,hip-hop,2066986,1861233,113884,"hip-hop, music",5
Hip-Hop Track 55,Artist_hip-hop_55,hip-hop,4438361,3952388,120242,"hip-hop, music",5
Hip-Hop Track 56,Artist_hip-hop_56,hip-hop,5462004,2416089,246652,"hip-hop, music",3
Hip-Hop Track 57,Artist_hip-hop_57,hip-hop,4320870,3050658,173276,"hip-hop, music",2
Hip-Hop Track 58,Artist_hip-hop_58,hip-hop,5190450,2419826,178248,"hip-hop, music",7
Hip-Hop Track 59,Artist_hip-hop_59,hip-hop,4060642,2924459,190994,"hip-hop, music",7
Hip-Hop Track 60,Artist_hip-hop_60,hip-hop,4237094,3543664,136091,"hip-hop, music",2
Hip-Hop Track 61,Artist_hip-hop_61,hip-hop,5668249,3247728,200414,"hip-hop, music",2
Hip-Hop Track 62,Artist_hip-hop_62,hip-hop,2425796,3208057,239912,"hip-hop, music",3
Hip-Hop Track 63,Artist_hip-hop_63,hip-hop,4609309,2827215,127903,"hip-hop, music",7
Hip-Hop Track 64,Artist_hip-hop_64,hip-hop,3224164,2470140,225304,"hip-hop, music",7
Hip-Hop Track 65,Artist_hip-hop_65,hip-hop,2012280,3830834,245759,"hip-hop, music",3
Hip-Hop Track 66,Artist_hip-hop_66,hip-hop,1581280,2207361,197493,"hip-hop, music",4
Hip-Hop Track 67,Artist_hip-hop_67,hip-hop,4775101,3929216,176060,"hip-hop, music",2
Hip-Hop Track 68,Artist_hip-hop_68,hip-hop,1910821,2270180,187901,"hip-hop, music",5
Hip-Hop Track 69,Artist_hip-hop_69,hip-hop,5825406,3907491,170679,"hip-hop, music",5
Hip-Hop Track 70,Artist_hip-hop_70,hip-hop,3108051,3574696,140604,"hip-hop, music",5
Hip-Hop Track 71,Artist_hip-hop_71,hip-hop,4564723,3391540,182698,"hip-hop, music",6
Hip-Hop Track 72,Artist_hip-hop_72,hip-hop,5592493,3099619,113047,"hip-hop, music",7
Hip-Hop Track 73,Artist_hip-hop_73,hip-hop,4649755,3415780,176939,"hip-hop, music",7
Hip-Hop Track 74,Artist_hip-hop_74,hip-hop,890749,3105133,254706,"hip-hop, music",3
Hip-Hop Track 75,Artist_hip-hop_75,hip-hop,4549044,1785923,237409,"hip-hop, music",6
Hip-Hop Track 76,Artist_hip-hop_76,hip-hop,3407475,2769376,223171,"hip-hop, music",4
Hip-Hop Track 77,Artist_hip-hop_77,hip-hop,4979340,1690396,130287,"hip-hop, music",6
Hip-Hop Track 78,Artist_hip-hop_78,hip-hop,3994045,1786371,198396,"hip-hop, music",5
Hip-Hop Track 79,Artist_hip-hop_79,hip-hop,4878814,1748615,217712,"hip-hop, music",6
Hip-Hop Track 80,Artist_hip-hop_80,hip-hop,5447112,4010061,191627,"hip-hop, music",6
Classical Track 1,Artist_classical_1,classical,869947,345585,392087,"classical, music",3
Classical Track 2,Artist_classical_2,classical,708858,729057,375771,"classical, music",3
Classical Track 3,Artist_classical_3,classical,572306,155552,414658,"classical, music",6
Classical Track 4,Artist_classical_4,classical,738330,503682,372891,"classical, music",2
Classical Track 5,Artist_classical_5,classical,654958,432539,443722,"classical, music",4
Classical Track 6,Artist_classical_6,classical,938088,336049,451952,"classical, music",7
Classical Track 7,Artist_classical_7,classical,541601,206436,450207,"classical, music",3
Classical Track 8,Artist_classical_8,classical,845219,523222,452446,"classical, music",3
Classical Track 9,Artist_classical_9,classical,593267,325696,438487,"classical, music",3
Classical Track 10,Artist_classical_10,classical,787313,357158,437113,"classical, music",3
Classical Track 11,Artist_classical_11,classical,1149348,681517,429832,"classical, music",5
Classical Track 12,Artist_classical_12,classical,942423,473140,363667,"classical, music",2
Classical Track 13,Artist_classical_13,classical,549245,181509,482248,"classical, music",7
Classical Track 14,Artist_classical_14,classical,535229,484438,393344,"classical, music",5
Classical Track 15,Artist_classical_15,classical,850512,420755,346377,"classical, music",7
Classical Track 16,Artist_classical_16,classical,1019120,420415,411303,"classical, music",6
Classical Track 17,Artist_classical_17,classical,889398,654940,444991,"classical, music",2
Classical Track 18,Artist_classical_18,classical,608145,430075,396564,"classical, music",5
Classical Track 19,Artist_classical_19,classical,673131,520464,449531,"classical, music",6
Classical Track 20,Artist_classical_20,classical,805105,638874,380172,"classical, music",2
Classical Track 21,Artist_classical_21,classical,344197,453020,472455,"classical, music",5
Classical Track 22,Artist_classical_22,classical,949651,613862,426927,"classical, music",3
Classical Track 23,Artist_classical_23,classical,1118434,475407,421565,"classical, music",5
Classical Track 24,Artist_classical_24,classical,881991,414851,365979,"classical, music",3
Classical Track 25,Artist_classical_25,classical,489551,585739,430368,"classical, music",4
Classical Track 26,Artist_classical_26,classical,940132,374271,355591,"classical, music",6
Classical Track 27,Artist_classical_27,classical,1193345,791170,409237,"classical, music",5
Classical Track 28,Artist_classical_28,classical,856741,338386,425931,"classical, music",3
Classical Track 29,Artist_classical_29,classical,985719,591610,425369,"classical, music",7
Classical Track 30,Artist_classical_30,classical,914068,334098,316235,"classical, music",5
Classical Track 31,Artist_classical_31,classical,637405,531802,415756,"classical, music",7
Classical Track 32,Artist_classical_32,classical,589993,240026,450503,"classical, music",2
Classical Track 33,Artist_classical_33,classical,453306,222018,401161,"classical, music",4
Classical Track 34,Artist_classical_34,classical,1058075,459396,372482,"classical, music",5
Classical Track 35,Artist_classical_35,classical,1294760,603055,440962,"classical, music",5
Classical Track 36,Artist_classical_36,classical,942206,441671,452496,"classical, music",7
Classical Track 37,Artist_classical_37,classical,909222,334067,422130,"classical, music",4
Classical Track 38,Artist_classical_38,classical,681497,291010,392253,"classical, music",2
Classical Track 39,Artist_classical_39,classical,597617,424648,419202,"classical, music",4
Classical Track 40,Artist_classical_40,classical,472289,545260,435288,"classical, music",7
Classical Track 41,Artist_classical_41,classical,554195,688796,448841,"classical, music",4
Classical Track 42,Artist_classical_42,classical,939703,555483,435028,"classical, music",3
Classical Track 43,Artist_classical_43,classical,499196,488900,343567,"classical, music",6
Classical Track 44,Artist_classical_44,classical,518127,537942,467021,"classical, music",7
Classical Track 45,Artist_classical_45,classical,833812,207789,412926,"classical, music",3
Classical Track 46,Artist_classical_46,classical,764575,387977,421149,"classical, music",6
Classical Track 47,Artist_classical_47,classical,711480,495954,392315,"classical, music",6
Classical Track 48,Artist_classical_48,classical,1133719,563333,457121,"classical, music",7
Classical Track 49,Artist_classical_49,classical,793396,677929,466450,"classical, music",7
Classical Track 50,Artist_classical_50,classical,690296,406193,360027,"classical, music",5
Classical Track 51,Artist_classical_51,classical,884835,458740,360944,"classical, music",4
Classical Track 52,Artist_classical_52,classical,585810,560295,372293,"classical, music",3
Classical Track 53,Artist_classical_53,classical,1019260,335958,459707,"classical, music",5
Classical Track 54,Artist_classical_54,classical,734930,465699,393229,"classical, music",4
Classical Track 55,Artist_classical_55,classical,824394,292426,329486,"classical, music",3
Classical Track 56,Artist_classical_56,classical,553606,489251,467595,"classical, music",6
Classical Track 57,Artist_classical_57,classical,773708,362404,435384,"classical, music",3
Classical Track 58,Artist_classical_58,classical,579396,331368,424432,"classical, music",2
Classical Track 59,Artist_classical_59,classical,911943,437873,335394,"classical, music",2
Classical Track 60,Artist_classical_60,classical,1079537,333311,393432,"classical, music",7
Classical Track 61,Artist_classical_61,classical,1044200,796228,388178,"classical, music",7
Classical Track 62,Artist_classical_62,classical,836555,731239,437612,"classical, music",7
Classical Track 63,Artist_classical_63,classical,542686,54703,417462,"classical, music",3
Classical Track 64,Artist_classical_64,classical,1016944,426250,444770,"classical, music",7
Classical Track 65,Artist_classical_65,classical,1026677,351089,387901,"classical, music",4
Classical Track 66,Artist_classical_66,classical,604408,356834,368032,"classical, music",5
Classical Track 67,Artist_classical_67,classical,1179868,479079,414304,"classical, music",5
Classical Track 68,Artist_classical_68,classical,599043,394742,420456,"classical, music",2
Classical Track 69,Artist_classical_69,classical,1179822,493045,473143,"classical, music",7
Classical Track 70,Artist_classical_70,classical,1284551,272255,363125,"classical, music",3
Classical Track 71,Artist_classical_71,classical,566372,441889,441535,"classical, music",3
Classical Track 72,Artist_classical_72,classical,921301,425725,364912,"classical, music",4
Classical Track 73,Artist_classical_73,classical,827184,251629,436769,"classical, music",5
Classical Track 74,Artist_classical_74,classical,639645,317342,355043,"classical, music",2
Classical Track 75,Artist_classical_75,classical,983693,417135,351235,"classical, music",5
Classical Track 76,Artist_classical_76,classical,828253,279443,408509,"classical, music",4
Classical Track 77,Artist_classical_77,classical,989335,406501,401092,"classical, music",5
Classical Track 78,Artist_classical_78,classical,492037,370040,379371,"classical, music",6
Classical Track 79,Artist_classical_79,classical,987631,517984,440139,"classical, music",7
Classical Track 80,Artist_classical_80,classical,649300,445822,456488,"classical, music",2
Indie Track 1,Artist_indie_1,indie,1021922,1129233,222514,"indie, music",4
Indie Track 2,Artist_indie_2,indie,1943578,819511,241082,"indie, music",5
Indie Track 3,Artist_indie_3,indie,1760834,1098459,237775,"indie, music",6
Indie Track 4,Artist_indie_4,indie,1341075,622789,189633,"indie, music",7
Indie Track 5,Artist_indie_5,indie,2313544,1105961,217853,"indie, music",5
Indie Track 6,Artist_indie_6,indie,620125,363682,205687,"indie, music",3
Indie Track 7,Artist_indie_7,indie,1560383,1034515,165041,"indie, music",5
Indie Track 8,Artist_indie_8,indie,1572703,830959,213571,"indie, music",2
Indie Track 9,Artist_indie_9,indie,1147183,1183368,184314,"indie, music",7
Indie Track 10,Artist_indie_10,indie,2406695,1239524,254746,"indie, music",7
Indie Track 11,Artist_indie_11,indie,1517077,1041346,244897,"indie, music",3
Indie Track 12,Artist_indie_12,indie,1144470,723534,250152,"indie, music",5
Indie Track 13,Artist_indie_13,indie,1764012,858091,264851,"indie, music",5
Indie Track 14,Artist_indie_14,indie,894309,899796,247309,"indie, music",6
Indie Track 15,Artist_indie_15,indie,1731258,1054566,244025,"indie, music",4
Indie Track 16,Artist_indie_16,indie,1720134,1258603,243847,"indie, music",4
Indie Track 17,Artist_indie_17,indie,1065159,1045726,161804,"indie, music",5
Indie Track 18,Artist_indie_18,indie,475353,714913,217855,"indie, music",4
Indie Track 19,Artist_indie_19,indie,1259102,973478,243279,"indie, music",7
Indie Track 20,Artist_indie_20,indie,1585724,870004,260023,"indie, music",4
Indie Track 21,Artist_indie_21,indie,1743391,1266256,270128,"indie, music",5
Indie Track 22,Artist_indie_22,indie,2425583,839761,262322,"indie, music",5
Indie Track 23,Artist_indie_23,indie,1652781,806797,193571,"indie, music",7
Indie Track 24,Artist_indie_24,indie,1541339,1026425,206798,"indie, music",5
Indie Track 25,Artist_indie_25,indie,1859973,515445,187852,"indie, music",7
Indie Track 26,Artist_indie_26,indie,1019488,803836,235950,"indie, music",5
Indie Track 27,Artist_indie_27,indie,1692740,1270574,266098,"indie, music",6
Indie Track 28,Artist_indie_28,indie,1596502,849107,261802,"indie, music",5
Indie Track 29,Artist_indie_29,indie,1531523,1349448,192905,"indie, music",6
Indie Track 30,Artist_indie_30,indie,1607266,846562,231108,"indie, music",4
Indie Track 31,Artist_indie_31,indie,1793977,1807446,157598,"indie, music",5
Indie Track 32,Artist_indie_32,indie,1190429,664309,225602,"indie, music",4
Indie Track 33,Artist_indie_33,indie,1438148,1286706,294491,"indie, music",5
Indie Track 34,Artist_indie_34,indie,2091711,1174743,277986,"indie, music",5
Indie Track 35,Artist_indie_35,indie,1389271,747516,316837,"indie, music",3
Indie Track 36,Artist_indie_36,indie,1420851,938326,160000,"indie, music",2
Indie Track 37,Artist_indie_37,indie,2530897,1032790,225778,"indie, music",2
Indie Track 38,Artist_indie_38,indie,1417039,1032531,211217,"indie, music",4
Indie Track 39,Artist_indie_39,indie,1306813,792793,173747,"indie, music",4
Indie Track 40,Artist_indie_40,indie,1462602,614018,124742,"indie, music",2
Indie Track 41,Artist_indie_41,indie,1407779,1002718,273379,"indie, music",2
Indie Track 42,Artist_indie_42,indie,1240111,852854,176283,"indie, music",7
Indie Track 43,Artist_indie_43,indie,1427940,1202190,238527,"indie, music",6
Indie Track 44,Artist_indie_44,indie,1161613,1031740,143511,"indie, music",2
Indie Track 45,Artist_indie_45,indie,1471168,823457,289222,"indie, music",6
Indie Track 46,Artist_indie_46,indie,1180792,1232415,291252,"indie, music",2
Indie Track 47,Artist_indie_47,indie,1282622,1044723,294488,"indie, music",3
Indie Track 48,Artist_indie_48,indie,1903577,1323780,253694,"indie, music",5
Indie Track 49,Artist_indie_49,indie,1100333,908531,290855,"indie, music",2
Indie Track 50,Artist_indie_50,indie,1279078,497993,194152,"indie, music",2
Indie Track 51,Artist_indie_51,indie,1575894,1133325,186384,"indie, music",4
Indie Track 52,Artist_indie_52,indie,2134919,1017340,331873,"indie, music",4
Indie Track 53,Artist_indie_53,indie,1593025,1228487,245261,"indie, music",4
Indie Track 54,Artist_indie_54,indie,1786468,1063671,297465,"indie, music",4
Indie Track 55,Artist_indie_55,indie,985323,1033245,228670,"indie, music",4
Indie Track 56,Artist_indie_56,indie,1406347,749705,225884,"indie, music",3
Indie Track 57,Artist_indie_57,indie,1421412,554857,271917,"indie, music",5
Indie Track 58,Artist_indie_58,indie,1349071,642330,266766,"indie, music",6
Indie Track 59,Artist_indie_59,indie,1618063,1316221,207524,"indie, music",4
Indie Track 60,Artist_indie_60,indie,902127,454505,202272,"indie, music",3
Indie Track 61,Artist_indie_61,indie,1377407,978168,253073,"indie, music",3
Indie Track 62,Artist_indie_62,indie,423725,924630,181421,"indie, music",5
Indie Track 63,Artist_indie_63,indie,1430490,1129913,136018,"indie, music",4
Indie Track 64,Artist_indie_64,indie,1650524,831895,221631,"indie, music",7
Indie Track 65,Artist_indie_65,indie,1110519,1063204,234286,"indie, music",5
Indie Track 66,Artist_indie_66,indie,2038510,1455346,311427,"indie, music",5
Indie Track 67,Artist_indie_67,indie,998363,1029978,225428,"indie, music",4
Indie Track 68,Artist_indie_68,indie,1429216,670996,215527,"indie, music",3
Indie Track 69,Artist_indie_69,indie,1122811,867483,186155,"indie, music",3
Indie Track 70,Artist_indie_70,indie,1483802,1209880,216647,"indie, music",5
Indie Track 71,Artist_indie_71,indie,1506445,1047543,238075,"indie, music",7
Indie Track 72,Artist_indie_72,indie,1149936,538453,170548,"indie, music",7
Indie Track 73,Artist_indie_73,indie,962733,1043567,299300,"indie, music",7
Indie Track 74,Artist_indie_74,indie,2504085,1197730,210369,"indie, music",4
Indie Track 75,Artist_indie_75,indie,1021469,738461,179541,"indie, music",5
Indie Track 76,Artist_indie_76,indie,1110732,1051939,280408,"indie, music",2
Indie Track 77,Artist_indie_77,indie,1017265,1072477,312963,"indie, music",4
Indie Track 78,Artist_indie_78,indie,1086276,1190097,203836,"indie, music",4
Indie Track 79,Artist_indie_79,indie,1631337,1270673,308427,"indie, music",6
Indie Track 80,Artist_indie_80,indie,2007311,792359,248198,"indie, music",6
Metal Track 1,Artist_metal_1,metal,1085287,1480211,300635,"metal, music",5
Metal Track 2,Artist_metal_2,metal,3061470,1099436,293026,"metal, music",5
Metal Track 3,Artist_metal_3,metal,1685873,1364966,253625,"metal, music",5
Metal Track 4,Artist_metal_4,metal,2017325,1486153,331835,"metal, music",3
Metal Track 5,Artist_metal_5,metal,3952788,865067,217405,"metal, music",4
Metal Track 6,Artist_metal_6,metal,3161833,495987,415509,"metal, music",3
Metal Track 7,Artist_metal_7,metal,2321834,1507549,202015,"metal, music",5
Metal Track 8,Artist_metal_8,metal,972536,1336269,345617,"metal, music",2
Metal Track 9,Artist_metal_9,metal,1169212,1779281,258709,"metal, music",4
Metal Track 10,Artist_metal_10,metal,1352185,1626247,172384,"metal, music",7
Metal Track 11,Artist_metal_11,metal,2433617,1023309,379589,"metal, music",6
Metal Track 12,Artist_metal_12,metal,2276042,1854778,268737,"metal, music",4
Metal Track 13,Artist_metal_13,metal,2571875,1592921,319003,"metal, music",2
Metal Track 14,Artist_metal_14,metal,2309706,1455221,295809,"metal, music",4
Metal Track 15,Artist_metal_15,metal,1539767,1468156,257190,"metal, music",5
Metal Track 16,Artist_metal_16,metal,1985583,1100824,284219,"metal, music",4
Metal Track 17,Artist_metal_17,metal,3265666,1705364,359004,"metal, music",6
Metal Track 18,Artist_metal_18,metal,2403236,1392939,314344,"metal, music",3
Metal Track 19,Artist_metal_19,metal,2000723,1042055,316369,"metal, music",5
Metal Track 20,Artist_metal_20,metal,2562542,1565718,259779,"metal, music",5
Metal Track 21,Artist_metal_21,metal,1832534,1806041,258442,"metal, music",4
Metal Track 22,Artist_metal_22,metal,1717502,1405099,276324,"metal, music",2
Metal Track 23,Artist_metal_23,metal,1113603,1487183,349249,"metal, music",2
Metal Track 24,Artist_metal_24,metal,1712853,1661194,306243,"metal, music",3
Metal Track 25,Artist_metal_25,metal,3080306,1893522,298386,"metal, music",7
Metal Track 26,Artist_metal_26,metal,1705018,732357,281312,"metal, music",6
Metal Track 27,Artist_metal_27,metal,2141949,1947675,243774,"metal, music",3
Metal Track 28,Artist_metal_28,metal,2039160,915342,277031,"metal, music",3
Metal Track 29,Artist_metal_29,metal,2201143,988050,264952,"metal, music",7
Metal Track 30,Artist_metal_30,metal,2009227,1244645,296207,"metal, music",3
Metal Track 31,Artist_metal_31,metal,755947,1202753,297396,"metal, music",3
Metal Track 32,Artist_metal_32,metal,1368220,1805923,263451,"metal, music",4
Metal Track 33,Artist_metal_33,metal,2510538,1323546,305618,"metal, music",6
Metal Track 34,Artist_metal_34,metal,1938066,1686098,294435,"metal, music",2
Metal Track 35,Artist_metal_35,metal,2313346,1042338,297660,"metal, music",5
Metal Track 36,Artist_metal_36,metal,2041022,1538740,257840,"metal, music",2
Metal Track 37,Artist_metal_37,metal,1629408,1249541,314630,"metal, music",3
Metal Track 38,Artist_metal_38,metal,2722330,1378984,251199,"metal, music",5
Metal Track 39,Artist_metal_39,metal,1956179,1840834,301525,"metal, music",4
Metal Track 40,Artist_metal_40,metal,1499698,1170000,284088,"metal, music",2
Metal Track 41,Artist_metal_41,metal,2131950,831259,354864,"metal, music",2
Metal Track 42,Artist_metal_42,metal,1627023,1226963,374152,"metal, music",7
Metal Track 43,Artist_metal_43,metal,2402288,936547,227849,"metal, music",5
Metal Track 44,Artist_metal_44,metal,2490733,1020282,335017,"metal, music",5
Metal Track 45,Artist_metal_45,metal,2082979,1239667,388688,"metal, music",6
Metal Track 46,Artist_metal_46,metal,1404585,1016629,233498,"metal, music",2
Metal Track 47,Artist_metal_47,metal,2308640,1624659,252967,"metal, music",3
Metal Track 48,Artist_metal_48,metal,2060814,1285766,250226,"metal, music",2
Metal Track 49,Artist_metal_49,metal,1484547,1875462,279804,"metal, music",6
Metal Track 50,Artist_metal_50,metal,2266168,1603264,288332,"metal, music",5
Metal Track 51,Artist_metal_51,metal,2847125,1152287,222152,"metal, music",2
Metal Track 52,Artist_metal_52,metal,1802879,1562023,290784,"metal, music",4
Metal Track 53,Artist_metal_53,metal,1542110,1436656,229011,"metal, music",6
Metal Track 54,Artist_metal_54,metal,1187864,1786638,260310,"metal, music",3
Metal Track 55,Artist_metal_55,metal,2377229,872512,360843,"metal, music",6
Metal Track 56,Artist_metal_56,metal,3102564,1448669,292035,"metal, music",4
Metal Track 57,Artist_metal_57,metal,2402131,1660789,199060,"metal, music",5
Metal Track 58,Artist_metal_58,metal,1438226,1503804,312651,"metal, music",6
Metal Track 59,Artist_metal_59,metal,1938047,699941,282965,"metal, music",3
Metal Track 60,Artist_metal_60,metal,2996882,1443226,291017,"metal, music",6
Metal Track 61,Artist_metal_61,metal,3275861,1559745,323600,"metal, music",7
Metal Track 62,Artist_metal_62,metal,3188947,858563,265345,"metal, music",5
Metal Track 63,Artist_metal_63,metal,2499739,1484709,271583,"metal, music",4
Metal Track 64,Artist_metal_64,metal,2518846,1515322,275216,"metal, music",5
Metal Track 65,Artist_metal_65,metal,2948324,960054,257565,"metal, music",5
Metal Track 66,Artist_metal_66,metal,1245453,1895277,254047,"metal, music",2
Metal Track 67,Artist_metal_67,metal,2198039,1637167,246436,"metal, music",3
Metal Track 68,Artist_metal_68,metal,1906507,1809304,258572,"metal, music",6
Metal Track 69,Artist_metal_69,metal,2392792,1456907,301269,"metal, music",7
Metal Track 70,Artist_metal_70,metal,2941003,1146991,286678,"metal, music",7
Metal Track 71,Artist_metal_71,metal,1965435,1845605,302064,"metal, music",2
Metal Track 72,Artist_metal_72,metal,2412780,1202673,313542,"metal, music",7
Metal Track 73,Artist_metal_73,metal,2171551,1041264,186378,"metal, music",4
Metal Track 74,Artist_metal_74,metal,1970620,1400299,303273,"metal, music",4
Metal Track 75,Artist_metal_75,metal,2493937,1347077,269773,"metal, music",3
Metal Track 76,Artist_metal_76,metal,1656448,1556809,290765,"metal, music",6
Metal Track 77,Artist_metal_77,metal,2244593,1599416,247701,"metal, music",4
Metal Track 78,Artist_metal_78,metal,1550113,984346,308896,"metal, music",3
Metal Track 79,Artist_metal_79,metal,1996189,2027415,314739,"metal, music",3
Metal Track 80,Artist_metal_80,metal,1875513,1177533,308744,"metal, music",4
Rnb Track 1,Artist_rnb_1,rnb,2914855,1185203,359835,"rnb, music",2
Rnb Track 2,Artist_rnb_2,rnb,1963423,1643599,229677,"rnb, music",7
Rnb Track 3,Artist_rnb_3,rnb,1540133,2741700,192614,"rnb, music",5
Rnb Track 4,Artist_rnb_4,rnb,4330156,942988,284406,"rnb, music",2
Rnb Track 5,Artist_rnb_5,rnb,2754414,1727833,158949,"rnb, music",2
Rnb Track 6,Artist_rnb_6,rnb,3534204,2384153,185401,"rnb, music",2
Rnb Track 7,Artist_rnb_7,rnb,3611189,2474467,299057,"rnb, music",4
Rnb Track 8,Artist_rnb_8,rnb,1857546,2690369,201057,"rnb, music",6
Rnb Track 9,Artist_rnb_9,rnb,4318237,1921820,276442,"rnb, music",3
Rnb Track 10,Artist_rnb_10,rnb,3074319,2176414,259326,"rnb, music",6
Rnb Track 11,Artist_rnb_11,rnb,2184986,2335021,255475,"rnb, music",5
Rnb Track 12,Artist_rnb_12,rnb,3058200,1233033,275405,"rnb, music",3
Rnb Track 13,Artist_rnb_13,rnb,3511698,2553562,270625,"rnb, music",6
Rnb Track 14,Artist_rnb_14,rnb,3112764,2673437,249783,"rnb, music",3
Rnb Track 15,Artist_rnb_15,rnb,3566338,2932994,195820,"rnb, music",5
Rnb Track 16,Artist_rnb_16,rnb,3448749,1786907,216739,"rnb, music",7
Rnb Track 17,Artist_rnb_17,rnb,5252690,3642933,194007,"rnb, music",7
Rnb Track 18,Artist_rnb_18,rnb,3640657,1643322,179072,"rnb, music",6
Rnb Track 19,Artist_rnb_19,rnb,4544730,2002697,264279,"rnb, music",5
Rnb Track 20,Artist_rnb_20,rnb,2547376,2526195,238503,"rnb, music",3
Rnb Track 21,Artist_rnb_21,rnb,2384587,1348507,254543,"rnb, music",7
Rnb Track 22,Artist_rnb_22,rnb,4108625,1878850,187037,"rnb, music",7
Rnb Track 23,Artist_rnb_23,rnb,2054433,1812145,230154,"rnb, music",2
Rnb Track 24,Artist_rnb_24,rnb,5147381,1290587,148021,"rnb, music",3
Rnb Track 25,Artist_rnb_25,rnb,2628033,2435371,236735,"rnb, music",4
Rnb Track 26,Artist_rnb_26,rnb,4971678,1900221,312015,"rnb, music",2
Rnb Track 27,Artist_rnb_27,rnb,1832112,2606171,258815,"rnb, music",7
Rnb Track 28,Artist_rnb_28,rnb,4343533,2555722,258405,"rnb, music",4
Rnb Track 29,Artist_rnb_29,rnb,4137059,1989641,241380,"rnb, music",4
Rnb Track 30,Artist_rnb_30,rnb,4432038,1932011,228815,"rnb, music",3
Rnb Track 31,Artist_rnb_31,rnb,4199220,2371625,253557,"rnb, music",6
Rnb Track 32,Artist_rnb_32,rnb,2851884,1872776,201610,"rnb, music",5
Rnb Track 33,Artist_rnb_33,rnb,4611117,2697517,245344,"rnb, music",2
Rnb Track 34,Artist_rnb_34,rnb,3592367,1989827,141395,"rnb, music",5
Rnb Track 35,Artist_rnb_35,rnb,4230314,2641646,208241,"rnb, music",5
Rnb Track 36,Artist_rnb_36,rnb,3424820,2267075,207070,"rnb, music",2
Rnb Track 37,Artist_rnb_37,rnb,3436696,2392600,250965,"rnb, music",4
Rnb Track 38,Artist_rnb_38,rnb,2448491,2298879,293699,"rnb, music",4
Rnb Track 39,Artist_rnb_39,rnb,1632731,1691682,178521,"rnb, music",7
Rnb Track 40,Artist_rnb_40,rnb,3449383,745287,263886,"rnb, music",4
Rnb Track 41,Artist_rnb_41,rnb,3696522,2250572,262165,"rnb, music",3
Rnb Track 42,Artist_rnb_42,rnb,5068261,2343195,252394,"rnb, music",6
Rnb Track 43,Artist_rnb_43,rnb,3284594,1808236,221082,"rnb, music",5
Rnb Track 44,Artist_rnb_44,rnb,3606953,1872112,225735,"rnb, music",2
Rnb Track 45,Artist_rnb_45,rnb,3442656,1953828,205339,"rnb, music",7
Rnb Track 46,Artist_rnb_46,rnb,2155868,2874485,185262,"rnb, music",7
Rnb Track 47,Artist_rnb_47,rnb,1996906,2482591,193055,"rnb, music",2
Rnb Track 48,Artist_rnb_48,rnb,3254964,1400147,269432,"rnb, music",3
Rnb Track 49,Artist_rnb_49,rnb,2971765,1315800,197640,"rnb, music",4
Rnb Track 50,Artist_rnb_50,rnb,3857062,2404333,273426,"rnb, music",5
Rnb Track 51,Artist_rnb_51,rnb,2488053,1500808,233751,"rnb, music",3
Rnb Track 52,Artist_rnb_52,rnb,3448915,2361095,218306,"rnb, music",3
Rnb Track 53,Artist_rnb_53,rnb,5089277,1717947,194289,"rnb, music",4
Rnb Track 54,Artist_rnb_54,rnb,5286597,1601870,221474,"rnb, music",4
Rnb Track 55,Artist_rnb_55,rnb,3412390,1189746,183125,"rnb, music",3
Rnb Track 56,Artist_rnb_56,rnb,2445844,1589074,237426,"rnb, music",4
Rnb Track 57,Artist_rnb_57,rnb,2925985,1933770,286938,"rnb, music",3
Rnb Track 58,Artist_rnb_58,rnb,4907484,2856903,260547,"rnb, music",7
Rnb Track 59,Artist_rnb_59,rnb,2321327,1525850,260706,"rnb, music",2
Rnb Track 60,Artist_rnb_60,rnb,3785070,2020784,179720,"rnb, music",6
Rnb Track 61,Artist_rnb_61,rnb,3274344,2280173,286572,"rnb, music",2
Rnb Track 62,Artist_rnb_62,rnb,4260960,2195072,199964,"rnb, music",6
Rnb Track 63,Artist_rnb_63,rnb,1892337,2430155,242882,"rnb, music",5
Rnb Track 64,Artist_rnb_64,rnb,3434699,2584046,278364,"rnb, music",7
Rnb Track 65,Artist_rnb_65,rnb,3475270,1995226,229012,"rnb, music",2
Rnb Track 66,Artist_rnb_66,rnb,3111996,1091329,202439,"rnb, music",6
Rnb Track 67,Artist_rnb_67,rnb,539072,2473226,298613,"rnb, music",3
Rnb Track 68,Artist_rnb_68,rnb,4066769,1787668,230539,"rnb, music",2
Rnb Track 69,Artist_rnb_69,rnb,2478228,919547,238413,"rnb, music",3
Rnb Track 70,Artist_rnb_70,rnb,2082973,1171744,174743,"rnb, music",3
Rnb Track 71,Artist_rnb_71,rnb,4024669,2403468,223038,"rnb, music",7
Rnb Track 72,Artist_rnb_72,rnb,4279816,2313962,120457,"rnb, music",4
Rnb Track 73,Artist_rnb_73,rnb,2698549,2129311,247333,"rnb, music",7
Rnb Track 74,Artist_rnb_74,rnb,3280220,1728663,262970,"rnb, music",5
Rnb Track 75,Artist_rnb_75,rnb,4350862,1935042,264278,"rnb, music",6
Rnb Track 76,Artist_rnb_76,rnb,4173245,2736531,210516,"rnb, music",4
Rnb Track 77,Artist_rnb_77,rnb,2863846,3191316,299700,"rnb, music",6
Rnb Track 78,Artist_rnb_78,rnb,2695010,1854958,275865,"rnb, music",7
Rnb Track 79,Artist_rnb_79,rnb,3988863,2953515,235865,"rnb, music",6
Rnb Track 80,Artist_rnb_80,rnb,2120445,1806492,218777,"rnb, music",5
Country Track 1,Artist_country_1,country,1704126,1553919,189739,"country, music",7
Country Track 2,Artist_country_2,country,2487923,1098133,199844,"country, music",2
Country Track 3,Artist_country_3,country,2325622,746379,245428,"country, music",5
Country Track 4,Artist_country_4,country,2098946,1526523,230435,"country, music",2
Country Track 5,Artist_country_5,country,1348909,815813,357963,"country, music",6
Country Track 6,Artist_country_6,country,2746807,996003,246220,"country, music",2
Country Track 7,Artist_country_7,country,1704350,1269541,262456,"country, music",7
Country Track 8,Artist_country_8,country,2363856,1112255,151227,"country, music",2
Country Track 9,Artist_country_9,country,2382738,991045,252330,"country, music",6
Country Track 10,Artist_country_10,country,706039,1384171,259307,"country, music",4
Country Track 11,Artist_country_11,country,1872315,1072157,225310,"country, music",6
Country Track 12,Artist_country_12,country,898295,834808,299107,"country, music",6
Country Track 13,Artist_country_13,country,2585490,1383082,190171,"country, music",2
Country Track 14,Artist_country_14,country,2032960,762836,168691,"country, music",3
Country Track 15,Artist_country_15,country,2671328,1680879,229806,"country, music",4
Country Track 16,Artist_country_16,country,1797483,636183,217409,"country, music",7
Country Track 17,Artist_country_17,country,2067530,1229082,156315,"country, music",7
Country Track 18,Artist_country_18,country,2847700,1208299,271642,"country, music",3
Country Track 19,Artist_country_19,country,2000267,662352,280609,"country, music",3
Country Track 20,Artist_country_20,country,1855261,1070586,317257,"country, music",6
Country Track 21,Artist_country_21,country,1462792,951561,200167,"country, music",6
Country Track 22,Artist_country_22,country,2390681,1327989,284351,"country, music",3
Country Track 23,Artist_country_23,country,389127,1168752,238171,"country, music",6
Country Track 24,Artist_country_24,country,1541004,1560603,279874,"country, music",5
Country Track 25,Artist_country_25,country,2209887,1272017,282043,"country, music",6
Country Track 26,Artist_country_26,country,2492455,1201889,253533,"country, music",4
Country Track 27,Artist_country_27,country,1767393,865237,281767,"country, music",4
Country Track 28,Artist_country_28,country,3873138,824066,237459,"country, music",7
Country Track 29,Artist_country_29,country,1461772,865376,238934,"country, music",2
Country Track 30,Artist_country_30,country,1647058,1300198,258546,"country, music",5
Country Track 31,Artist_country_31,country,1635979,1153043,288003,"country, music",5
Country Track 32,Artist_country_32,country,1704858,733688,212451,"country, music",7
Country Track 33,Artist_country_33,country,2422720,1568926,204596,"country, music",5
Country Track 34,Artist_country_34,country,2874247,1376125,290995,"country, music",4
Country Track 35,Artist_country_35,country,1890083,1296133,252629,"country, music",2
Country Track 36,Artist_country_36,country,2183377,1171667,300520,"country, music",2
Country Track 37,Artist_country_37,country,1003710,1676233,288262,"country, music",7
Country Track 38,Artist_country_38,country,3650064,1111582,296418,"country, music",2
Country Track 39,Artist_country_39,country,1519411,1574345,190741,"country, music",7
Country Track 40,Artist_country_40,country,2784490,1200120,248719,"country, music",4
Country Track 41,Artist_country_41,country,2881414,967877,245491,"country, music",7
Country Track 42,Artist_country_42,country,2697320,1054257,191315,"country, music",6
Country Track 43,Artist_country_43,country,1516965,1574017,189786,"country, music",6
Country Track 44,Artist_country_44,country,2211876,963790,183777,"country, music",5
Country Track 45,Artist_country_45,country,2565541,1364216,323095,"country, music",3
Country Track 46,Artist_country_46,country,2852769,1460317,223162,"country, music",3
Country Track 47,Artist_country_47,country,1950997,1261072,305226,"country, music",4
Country Track 48,Artist_country_48,country,3451875,1140212,262130,"country, music",2
Country Track 49,Artist_country_49,country,2778452,1121510,169403,"country, music",4
Country Track 50,Artist_country_50,country,1823691,587938,264714,"country, music",6
Country Track 51,Artist_country_51,country,2331379,1287828,212129,"country, music",5
Country Track 52,Artist_country_52,country,2349215,1324806,272653,"country, music",2
Country Track 53,Artist_country_53,country,1723954,1062719,226694,"country, music",6
Country Track 54,Artist_country_54,country,2294925,1403133,254235,"country, music",7
Country Track 55,Artist_country_55,country,1185306,979386,309065,"country, music",6
Country Track 56,Artist_country_56,country,2062278,1193307,252646,"country, music",4
Country Track 57,Artist_country_57,country,2355190,1375455,264098,"country, music",4
Country Track 58,Artist_country_58,country,2625111,1052651,219848,"country, music",2
Country Track 59,Artist_country_59,country,1822448,1441935,198730,"country, music",4
Country Track 60,Artist_country_60,country,2668016,514603,178897,"country, music",4
Country Track 61,Artist_country_61,country,2086932,1092090,225943,"country, music",3
Country Track 62,Artist_country_62,country,2938048,1160351,197121,"country, music",4
Country Track 63,Artist_country_63,country,1811356,1396040,295598,"country, music",4
Country Track 64,Artist_country_64,country,1095756,265502,185688,"country, music",3
Country Track 65,Artist_country_65,country,2671074,1263003,267672,"country, music",4
Country Track 66,Artist_country_66,country,2958423,1389512,225802,"country, music",4
Country Track 67,Artist_country_67,country,2000827,668987,284517,"country, music",2
Country Track 68,Artist_country_68,country,2646590,1115268,210058,"country, music",2
Country Track 69,Artist_country_69,country,2738524,1632440,262515,"country, music",7
Country Track 70,Artist_country_70,country,1472111,654658,329451,"country, music",7
Country Track 71,Artist_country_71,country,2313847,1517238,273860,"country, music",7
Country Track 72,Artist_country_72,country,2299859,1276111,250676,"country, music",5
Country Track 73,Artist_country_73,country,482263,987829,249652,"country, music",7
Country Track 74,Artist_country_74,country,1309391,873746,248759,"country, music",4
Country Track 75,Artist_country_75,country,956560,1446336,207702,"country, music",5
Country Track 76,Artist_country_76,country,1910596,716531,264908,"country, music",6
Country Track 77,Artist_country_77,country,2727692,920549,215871,"country, music",2
Country Track 78,Artist_country_78,country,1618084,1178212,242991,"country, music",6
Country Track 79,Artist_country_79,country,1890547,926667,253722,"country, music",7
Country Track 80,Artist_country_80,country,2185070,1244897,166176,"country, music",3
